ID,First Name,Last Name (optional),Password Hash,Email,Phone Number,City,Suburb,Potential Donations,Skills,Struggling?
1,Kimball,Ancliff,$2a$04$G2HUkf4n.DgD2aR8hhYEFALSEgbL9z6yDHqAavwcNq7.TZPGvZGt3u8S,kancliff0@stumbleupon.com,+1 552 910 2802,Los Angeles,,,International HR,FALSE
2,Gillie,Scamaden,$2a$04$5rApOL9ZrnHxd9vUkzikFALSEXDo/radOPdeefwoc2QAUcdfl.pXzWn.,gscamaden1@dailymotion.com,+57 362 520 9271,Bogota,,Food - Prepared Foods,MPBGP,FALSE
3,Bertina,Sherrell,$2a$04$/x2EB/mYyBHKk6gKyjtate9983DI1QsX2XCE3lE.gyTfDpCl6IwhK,bsherrell2@psu.edu,+1 169 451 3020,New York City,Brooklyn,,,FALSE
4,Gaye,Wycliffe,$2a$04$G7AjRD/l7EUSeQ8XICmLJuTfcc9FLK6614q3r6XiAj18fopP7.y4a,gwycliffea@bloglines.com,,Bogota,,,RDBMS,TRUE
5,Shannan,,$2a$04$TjwRmDH26IVPRxrvjXp6iuYil78eTFdv8cu8BMVXubi36psIFs4ZK,,,New York City,,,Financial Accounting,FALSE
6,Jacki,Polleye,$2a$04$Du3EXz6TYIU6fN9CoKf7q.76yK8aLp04uMKQ9jaZnZrJWQLLZg5tS,jpolleye5@joomla.org,+66 778 458 9154,Bangkok,,,SAP SD Module,FALSE
7,Rodi,Embury,$2a$04$b3wZoP3VORnY7ItuI9vUxOSRg0OFI6XKDHr8TMjY5Aqd6gP7.RJsS,rembury6@storify.com,+34 492 617 1729,Madrid,,Kitchen,,FALSE
8,Ricky,,$2a$04$m5fmuNmTbNyE4B8RqdNx6eO/10AkXp2ow3aKyX6whbBxp7LO1viLO,rhumphrey7@imdb.com,,Bogota,,,Tour Management,FALSE
9,Bear,,$2a$04$gfPJ.V9KU.IPULTXGV7oEu1Q1hQb7a3i3w68gAYeEx9JeUizQ53SG,bmatthewsonh@hao123.com,+52 694 388 6804,Mexico City,,,AOD,TRUE
10,Dolores,Joron,$2a$04$Ciq/jX3FhHxXCgUbEUwVzegWVSB5X7qDKSOkaRnZr7fSngB0Pq6uy,djoron9@etsy.com,,Seoul,,,Computer Science,FALSE
11,Ileane,,$2a$04$C5sEVOPc9o07BM/tceA79eVM2Y41DAqkUAJIt97vwMPSQnCikIip.,,+852 477 180 0716,Hong Kong,Lam Tin,Clothing,Oversight,TRUE
12,Marika,Eldrett,$2a$04$fc6wAXgT8d5EXbeXn1zh4OmG922FPATL41ptmWq/vZfA21o0co0Tu,,+1 368 406 3162,New York City,,,HBDI,TRUE
13,Lynnette,,$2a$04$ncD50OzDZ.yqZ7OakXZxpunUi6bjyVT42M5Dd4JcjCeXAvZw7Yw7i,lguwerc@dot.gov,+1 539 960 8070,New York City,,,,FALSE
14,Laureen,,$2a$04$PV3wqmVfWT6kCy3yDZHipeqa7L//45.v7OKyzytsSxLpiGc7hIVnC,ldcostad@desdev.cn,+974 310 472 5885,Doha,,Outdoor,Church Events,FALSE
15,Olimpia,,$2a$04$wyRdN7tm/MSynKbaZHAKOOEi5eYzdXfEA7xjIv2D8v3O/a9hNJxBy,orapsey1f@histats.com,+1 816 659 7494,Los Angeles,,,Rugs,TRUE
16,Panchito,Croisier,$2a$04$nubCYTWl7bcmy42Y5gwtLehDrEypxFcIzkBVvp8nQIQJDjQPKlPFK,pcroisierf@wordpress.com,+34 602 883 3284,Madrid,,Toys,TF-CBT,FALSE
17,Bram,Tytler,$2a$04$mxh2pHN6PzsNIcYc.KxCm.7twQJGwCGudTle2PmSFwZDjQz1xNxRa,btytler1d@furl.net,,Copenhagen,,Food - Snacks,AJAX Toolkit,TRUE
18,Roxanna,Greenroad,$2a$04$qk9K8m.Qrx8UjChvdLDDXOML1ljgLvBi5C0yXj8o/5E6DPBv.SZuG,rgreenroadr@wisc.edu,+91 980 621 5151,Delhi,,Home Improvement,RCDD,TRUE
19,Anton,,$2a$04$HSTGlkajqW9igMPYN2iNzepL/W4ML0Q49onE5fo90C5oiI2.SI/bK,aandrinie@cdbaby.com,+45 928 924 2000,Copenhagen,,Food - Frozen Meals,Public Relations,TRUE
20,Rainer,Agget,$2a$04$qwXNaZIqq7SK7C3UA6N/E.UJeLEewYmbJHtUTC5earo4oMIQYL8Jy,ragget1y@nytimes.com,+974 735 945 5918,Doha,,,Commercial Property Owners,TRUE
21,Lexine,Conford,$2a$04$FQ15JtVXZG4UgaeBhhWtL.PxJzPTjdTe1p7at7Vxe728ZgGGxNJtq,lconford17@utexas.edu,+45 176 646 6311,Copenhagen,,Food - Baking,,TRUE
22,Mignon,Cornilleau,$2a$04$3CAABSOm60MAkVEy11erVuF4bdwQlU1OmBUvC12oP.vl77uNGyffW,,+91 383 471 4835,Delhi,,Automotive,,TRUE
23,Brennan,Hovenden,$2a$04$dDPiPNPbVadBmJLzzHrCweY6ZuojBhPS0Cw066OggH9RO/xOz509e,bhovendenm@springer.com,+55 749 698 8646,Sao Paulo,,Clothing - Activewear,IOS Firewall,FALSE
24,Nancee,Nickless,$2a$04$Tk52dDIMcX4/g8wc.VYPxe76c1QPvcfGd4crYNc2Z.iDWIV05QFiK,,+1 373 820 2669,New York City,,Food - Salads,Glazing,TRUE
25,Jamaal,Cristofanini,$2a$04$GRJIkeZHpEoJsrYKoybfyOcDdtBzKCQG7mAo2HjuLu0BSxFd1lMsq,jcristofaninik@youtu.be,+82 711 450 8114,Seoul,,,Classroom Management,TRUE
26,Pearle,Collison,$2a$04$xjsVgjpcU0wHkxJvYcSD8.ebEwq61UtCO6i.WXGf31qh41YJlR2NW,pcollisonp@themeforest.net,+251 754 602 6177,Addis Ababa,,,User Experience Design,FALSE
27,Merilyn,Valance,$2a$04$mZpm2vZzlivqx2slNeuv6ePPX2NNw6h.2ZWSifYW6Rjo3LjGJ3POK,mvalanceq@indiegogo.com,+44 149 574 0563,London,,Clothing - Footwear,FMA,FALSE
28,Findlay,,$2a$04$10MoMKM0zh/ScXFYdylaA.bWA4xG1gZNfm/3.54wFGiKs0WAT3paW,fwalewicz1c@mit.edu,,Amsterdam,,Food - Beverages,HSI,TRUE
29,Lesley,McGebenay,$2a$04$Cjh6q9xUlaO6r.SRCWRNF.rBkC4b7v9uATLA20ZcHJSHjAfjUMRfi,lmcgebenay18@youtube.com,+61 684 843 4150,Sydney,,Food - Frozen Desserts,,TRUE
30,Sutherland,McNamara,$2a$04$uYADRaxeNM3rsvpH07B16OI1xK5.OQo.rM.XwQfa7w/IpICyXWMd.,,+39 302 944 1139,Rome,,Pets,CDL,FALSE
31,Tania,Wyeld,$2a$04$PnpYYAxRgxYqR9JZ2wzve.kWMejiFkxgmzr22WVdtOcV/DeEdIway,twyeld1j@patch.com,+1 963 493 6055,Toronto,,Food - Bakery,,TRUE
32,Zola,,$2a$04$yW318FEs1a7OvpDoOkClfe0lM4Q80vWJKqK49AAIcnVWvLfcRVMGC,zthewlessx@phpbb.com,,New York City,,,RPT,TRUE
33,Chrissie,Prise,$2a$04$gMaKPG75L3AiryWpA2hiDudrKVewD6Xz2NpxnNsTBnNSmG6R5zUA2,,,London,,,,FALSE
34,Dane,Magor,$2a$04$6CfISlSFEH9li7mmO4FALSE.eXBvXGfuMjqjjN2FdJZ9oTwSy.B03/h.,,,Johannesburg,,,,TRUE
35,Ware,Thumann,$2a$04$tQB7iaasozqQsXMEKEkjhuS.z7.rFALSEl9FlDZhCzih9D.tXIMJN9MK,,,Toronto,Scarborough,Footwear,,FALSE
36,Bayard,Mayworth,$2a$04$Rjb2ttXy7NZgt5WxW95/8e3rIzsdt9OmRivRCa3AqDzhmd1XqRBhG,,+66 795 759 4570,Bangkok,,,XOG,FALSE
37,Darn,,$2a$04$to68kTIjdUAlrNu8OLYYMetouNLNsk0sVwMZkvs8boF7WRDRh8Lry,dcreaghl@wunderground.com,+1 157 673 0958,New York City,,Food - Breakfast,,TRUE
38,Astrid,,$2a$04$MEPc.RmvJ.Tw7tJwU5fUpuUiz9NzQSQJH.VYhrlWgEAkkB5xwyyjm,aglanville2g@exblog.jp,,Sao Paulo,Santo Amaro,,,TRUE
39,Lorie,Newcomb,$2a$04$MYoRNKHWEplh6ergu37ZWOLqiLdjtBj7077.PHECqPeraEZmszUx2,lnewcomb1i@cocolog-nifty.com,+66 813 749 3489,Bangkok,,Food - Bakery,Literature,TRUE
40,Larina,Pagelsen,$2a$04$C9uoxEpj1GnA1dpt0aXiAu9v0ahGhlrOTEX4io4gzmYK8Zyyc2fU.,lpagelsen13@odFALSEklassniki.ru,+1 876 756 7796,New York City,,,UV coating,FALSE
41,Lucy,Van Hesteren,$2a$04$7nmyYOtUr7ZYzDe.zSzX..SyBFIp3Zr6XuOF2frKd7T2fG/gf.p3.,lvanhesteren14@apple.com,+81 515 298 5407,Tokyo,,Gaming,,FALSE
42,Caril,Whapple,$2a$04$Li7Hzz68eT7whsw7t9Gwjeb8.GaW4sfn4DHc5cGVnwyI81fHETchy,cwhapple15@hexun.com,+66 450 940 6253,Bangkok,,,,FALSE
43,Jordan,,$2a$04$49OXFMPabLMOxGYtTL0IBOYEoa62OLx6aQlkeeTnUJFFnie8tmy8y,,+45 151 457 3755,Copenhagen,,,,TRUE
44,Georgia,,$2a$04$MmTxH4d7l9KoxXRfVSgoweM3gs5OT.BFV.lJ4gtihczObNK7eLiQe,,+1 278 784 4140,Los Angeles,,Health,WCDMA,TRUE
45,Broderick,Poley,$2a$04$kDQX2l25UNE5zhg1M332Qup5HmxyXrBFWJRJEikp7jnTZmHXsEoaq,bpoley20@mediafire.com,+974 953 561 2534,Doha,,,,TRUE
46,Odelia,Nicholls,$2a$04$8up7GkX3BGWwAWmLkVA9Mu7YMe4NIrk19Ej9xap00aEPEcnpcXAJG,onicholls19@bandcamp.com,,Hong Kong,,,Military Aviation,FALSE
47,Haily,Leatherborrow,$2a$04$9Z9IWgyukDRaFpqvGzOqM.DIac/Mg/amkWKHE2e1OCr1Cx3dxfjWO,,+34 137 609 5217,Madrid,Usera,Food - Beverages,TDMA,FALSE
48,Adolph,Kalderon,$2a$04$xBWpACq/CNBjBHKZ8iL5iuqjVTsE7v.gdl5fWOMbtDE3EImounDci,,+65 282 278 8523,Singapore,,Food - Sides,,FALSE
49,Bartlett,Hillaby,$2a$04$.CB2DTUrhIzTbxxB7TUxse1/wRZkUL8bo.UcwXkmCuLQHIDtH90ra,bhillaby2a@nsw.gov.au,+974 273 144 8179,Doha,,,Creative Writing,TRUE
50,Jackie,Readings,$2a$04$Rs0rseBfMEATHaV7y7vbIOfQwLn1zRG1xrnErQUcum9jWLOqh6JPS,jreadings10@i2i.jp,,Rome,,Clothing - Footwear,Healthcare Management,TRUE
51,Roderic,,$2a$04$lwYeqVTD6Hu/jKLPOzV7F.dy6Wc6om.rgAIMikPyJRubxHP7l9CIm,rpeddie1e@diigo.com,+82 154 903 5783,Seoul,,,Affiliate Marketing,FALSE
52,Hubie,Whichelow,$2a$04$ZgO2TgUEEMXoNFB/VLDgBesAcFeO0piNmM/ge1y9NAeb/ESWrkRAe,hwhichelowv@miitbeian.gov.cn,,Hong Kong,,,,TRUE
53,Briny,Jahnisch,$2a$04$v83PfvE/eM82CruU4c5VCOKvJmTpMhW4j.edyADFLgt0zQ0IOMtGO,,+27 906 120 4921,Johannesburg,,Food - Condiments,Nielsen Data,FALSE
54,Wilone,Huckster,$2a$04$UoHc.BJW.2vTc3KpeUnfCeH1t/SbvlvNM9iLhBWIWPKJH4wIzRYFO,whuckster8@nifty.com,+52 521 930 2998,Mexico City,,Home,NCIE,TRUE
55,Margarette,Riches,$2a$04$VwsRVHHAAH/n.dt6m3bG8O2qunFRbP47BMo9GvIL0n6takWBwI.CS,mriches1s@adobe.com,,Singapore,,Food - Baked Goods,Air Compressors,TRUE
56,Alley,,$2a$04$oiZcjv4qbrbLK1/.2ZasreBvWjNpuYaxl97eHyTFovDD0PU/BPute,,,Singapore,,,BCNE,TRUE
57,Gerick,Godly,$2a$04$XUkDIQRssml/Pz1rySBtjO3k//pEhsosfH6WCHeFMp2FfuUN2kbAO,,+1 305 934 5077,Los Angeles,Beverly Hills,,Fund Accounting,FALSE
58,Jayne,,$2a$04$ITzqx3p953y.m54AxfdrjOOFpvxS22MjfKqkn7G95dh97BN4WoGem,,+34 289 108 7188,Madrid,,Food - Bakery,HST,FALSE
59,Dena,Keenlayside,$2a$04$3Hk25FLvwnLmF85OC.DqQOjZ3yjYWwHjt32dg5xJtFuFVL38Ec1ae,dkeenlaysideg@baidu.com,+27 358 188 7938,Johannesburg,,,,TRUE
60,Fletcher,Ibbott,$2a$04$yUfr2BfRoQs9n4oTDo2/e.qkTbKm1E/FCR/wJWxQguQlpGaNs8MG.,,+852 788 774 4284,Hong Kong,,,Easements,FALSE
61,Dick,Le Page,$2a$04$2ta/Xz4YHCSsPSA0bR2Fw.6G1zaa/n6oBY/cfWVF.Sc6.YCh2K8Wy,dlepage1o@ucoz.ru,+974 781 975 1121,Doha,,Food - Seafood,Consulting,FALSE
62,Godfree,Ledson,$2a$04$rJOuxutWEU4LblGoJcAfYOoDlyslZGxY.0Cfui09ybqp4bpvwo7ce,,+57 243 773 3560,Bogota,,Kitchen,FPA,TRUE
63,Jud,MacLise,$2a$04$uXNC7zYG015ZOO7o6zQb4O2UG0GV04oGsu8WWkOysO8EDGHUmxlFy,,,Madrid,,,MDB,FALSE
64,Velma,Saltman,$2a$04$2swg2X8bZUbEOKml0q1vJuDzwvVvgz1jdMsHw/ws4iJAgZ2DAZ85i,,,London,,,SSPS,FALSE
65,Levy,Arnaut,$2a$04$vHgt3q4.uP9CT6O89CjRZe0AF2HUGLQCQEqwVQWWinX5sLZD8UWtu,larnaut28@google.com.br,,London,,,MDL,TRUE
66,Ursulina,Murcutt,$2a$04$u6OO9f0.Y8ef60DQdpAVMOVK3qagorVEsGTuXlggqHoEhXfS0cXeO,,+52 563 564 6898,Mexico City,,Food - Produce,DWR,TRUE
67,Elisabetta,Mucklow,$2a$04$UPAn2bBwptirZR2bI3QXH.Ye99i.A17XWqw8Z62m6zPXZQqL0NpTi,,,Johannesburg,Parktown,,,TRUE
68,Godfrey,Ferrarone,$2a$04$Jltpjbjb1j9iEWNH.zqE1.i0Arph5XNzZpW4pS4Zjk5WXYttKHzhy,gferrarone1v@mtv.com,+1 492 834 3957,Los Angeles,,Food - Snacks,,FALSE
69,Lizbeth,Ambresin,$2a$04$yx0G1OU6Hc6QGj4jUxrFQeIdvcYK9FNHne6PdNs3TqwvS4XzXewna,,+39 207 969 0995,Rome,,,MTT,FALSE
70,Chiarra,,$2a$04$SSIebJUym6gkgDq1tK3mvOgG6HO0dhLbJpQKzf.FL7ULHjvm.3SS.,,+971 823 585 0109,Dubai,,,Brand Equity,TRUE
71,Fayth,Ludovici,$2a$04$BpDh.X9vTAXUul9GilkyOOpYHyg54Xt3CDQsiX8Site/pwROrYSdy,fludovicib@toplist.cz,+1 426 600 2986,New York City,,,,TRUE
72,Fonzie,,$2a$04$r81j7qD5GqS9a422523vd.8PYTQx/QgTO0nYZDng/97XhMyBaXQNu,fnewall1z@ftc.gov,+1 164 652 8158,Los Angeles,,Food - Prepared Foods,,FALSE
73,Cos,Newnham,$2a$04$Qb6M9k/u4a0LBGIuod387e1fGlNZV26x3vhBr9h9rAytzgCctG3Ae,cnewnhamu@bluehost.com,+57 882 129 5427,Bogota,,Pets,,TRUE
74,Devon,Shall,$2a$04$CnG5zpiuc6zz2b0cttRKdu6E/ruhBatqBhkMS6aJhjrIhuA7F9Vaq,,,Frankfurt,,,,FALSE
75,Coleman,,$2a$04$FexTDRCj91d3FFoG1iun4exqUWUYWR9xXuT8fWrU.M49XLgf1nXf.,cgratrexj@slashdot.org,,Auckland,,Food - Frozen Meals,,TRUE
76,Minny,Fishe,$2a$04$W0K0pexhFDF56Ysg6Y2tou1t0q6Nd3CyDye9iOeBvCBT.Pn6AVCUW,,,Delhi,,,Rubber,FALSE
77,Dill,Chelnam,$2a$04$O/tG7fNn5huV95av3mo8OOKHFFpOzNPKPF4v5PQl7tmJZztaaFALSEFi,,+55 508 255 7845,Sao Paulo,,,Zend Server,FALSE
78,Holly,Addess,$2a$04$5nPsAA/zteYWsw0VOZ5l5Obj0sF3siWcBDFjvYkDWw3zhCOIIDtO2,haddess1m@narod.ru,+49 561 113 0660,Frankfurt,,Food - Salads,vShield,TRUE
79,Odelia,Falconar,$2a$04$WajHvx/XGz4DeZICRCZ9q.VtH3UwO.2xa9XpfwTCouqHjboJaiwoK,,+64 399 784 7206,Auckland,,Accessories,XRY,TRUE
80,Travers,Walklate,$2a$04$JL67iQAssTWN/FYLlA23au3rGq44x2EpfueDKJRVu5MJzKktl2ClO,twalklate27@apache.org,+852 461 555 2793,Hong Kong,,Clothing - Activewear,Rolling Stock,FALSE
81,Elli,Machent,$2a$04$m22Oa6xbcrKt3D8NEl1y9On1qNDpUfUX1WccGwWaRyKjxv8XyTEm2,,+31 972 624 8484,Amsterdam,,,QML,TRUE
82,Anna-diana,,$2a$04$S2KCcWj7ttmpOjrXSkVDbepyLe2zTrjV0sVcF1cKxiaCGvNE7rQdS,,+49 205 617 1932,Frankfurt,,,OTDR,FALSE
83,Marlo,Cooper,$2a$04$fpkNQUGQ0fnXX0iovFtiT.hhEJrtk1u7zSVIy15R09WfPWJW/LnAO,,+45 742 845 3848,Copenhagen,,,Radio Production,TRUE
84,Aubrette,Dumberell,$2a$04$Q6opnU7xxYN3eVdZI4Vs..RyJY.lq5c9Rv44IC..8N2WmCd1MA9Ea,adumberell2b@nyu.edu,,London,,Food - Beverages,,FALSE
85,Dannie,,$2a$04$gdAj/tVDdpAc8keGcDC1qOaiYVAIRrD78dVX7Bn0jLcuEsj5rx1ae,,,Addis Ababa,,,KroFALSEs WFC,TRUE
86,Adel,Farny,$2a$04$gpzK8t/Na/eqe7IJUW3JfOrEHhsNh67QezzZo7C50dbjrv954Bcme,afarny1t@businessweek.com,+34 848 343 2239,Madrid,,,ClearCase,TRUE
87,Tanitansy,,$2a$04$8TU4jyKZCAn0xG0NNkYnXu.hEk2DXYaCztxnyGTfRa9D3vHn3/.2m,,+45 504 582 5434,Copenhagen,,,,FALSE
88,Joanie,,$2a$04$WwOauDJ2hRocKLjQdET7.uBXYHS.e57AVp6WVILB59dy/aKOHQrb6,jofogerty2f@nhs.uk,,Rome,Balduina,,Feature Articles,FALSE
89,Derrek,,$2a$04$AyPnpNljH7QDnrLOgcvXtu/Hya0hTtxBe2fT5KXAqQ.H.3UjIm0hK,dbladern@gizmodo.com,,Rome,,Home,AFM,TRUE
90,Killy,,$2a$04$DMYtfjBAigqlZt/3k/UdleqS.zcdovUw/YoqI2og7zB.uCBkBFxyC,klaundon2h@elpais.com,+55 497 675 8061,Sao Paulo,,,VCT,FALSE
91,Renault,De Blasio,$2a$04$JKOomhc1G7/hk.wsgzGUoOTmeWxd55j1JOfIXlEVIwam/MJ7V18OC,rdeblasio2i@cpanel.net,+55 704 551 6113,Sao Paulo,,Food - Canned Goods,Athletic Training,FALSE
92,Nicolas,Shuttleworth,$2a$04$TYQCFWVLAigjW1950qPRp.np8TxG1sMLyqRO.cMiZDGZXtWVoFMl.,nshuttleworth2j@jigsy.com,+44 174 489 8646,London,,,,FALSE
93,Virgie,Dine-Hart,$2a$04$ha7PyKziPDigPRltuSrcSOzTgXkGZ7tSmfv5CsFGSTL1PWEIqMzfC,,+64 760 409 7752,Auckland,,Food - Canned Soups,SAP SD Module,TRUE
94,Brendin,Fahy,$2a$04$u8oLGKPrzXsh30XJy0teverTQ23i14KW3D51GnV4XumLfx9Xd2h0W,,+81 389 348 1726,Tokyo,,Food - Produce,,FALSE
95,Sibylle,Jepperson,$2a$04$diAE57rxiAr2jp/6UwUQTOiqESDKrQ3mpTg90oD1WyGi4AAgt.VFC,sjepperson2k@icq.com,,New York City,,,VTL,TRUE
96,Archy,Bursnell,$2a$04$LfSnyw5WtWcUStflsIc6VOZqeMFWVqgFcHCW3ZZRCHIypr1RTzwTa,,+31 760 613 3971,Amsterdam,,,RCRA,TRUE
97,Bertie,Moth,$2a$04$bI7g.yYfeJc.jg/Nl/aNfebqijS8KvCaIZJR6zxtN6dYF7eMDN6yG,bmoth11@newyorker.com,,Frankfurt,,,Watercolor Illustration,TRUE
98,Quintilla,Desquesnes,$2a$04$zkInqxKAU8giSZF80OTlkufeDUmyNa/c0Vf.225o0xzjmQr9EBiq2,qdesquesnes2p@meetup.com,,Toronto,,Outdoor,,FALSE
99,Elton,Leadstone,$2a$04$7a7Aj3fQwZ7qsXhr8WfPEupJbQFYaSkOciwBSSQ9F7joRUnU/xJZS,,,Bogota,,Food - Canned Goods,Nagios,FALSE
100,Llywellyn,Karadzas,$2a$04$JVDEhLQ3oKILpuAYgVez6uPV/H4RM4lxd1BO9CmPyaxP3VJtQ5y62,lkaradzas2r@upenn.edu,+1 281 569 7379,New York City,,,Powder X-ray Diffraction,FALSE
